model,train_fcn,delay,layers,mse,train_mse,test_mse
nar,trainbr,10,1,343056.2167699229,345973.5755808981,326835.7017809006
nar,trainbr,10,10,45672.45127340004,6038.949362851283,266034.72189605114
nar,trainbr,10,15,38518.33389692347,2.920390562476683e-10,252680.2703638165
nar,trainbr,10,20,110699.73187508652,2.2765941729371017e-09,726190.2411005556
nar,trainbr,10,25,65355.241479765245,1.0091481913674463e-17,428730.38410726
nar,trainbr,10,30,146442.78315768964,3.654113017111392e-11,960664.6575144441
nar,trainbr,10,35,33370.628451752826,2.198891566632145e-10,218911.32264349767
nar,trainbr,10,40,39796.7451734009,3.277568126759994e-07,261066.6483356877
nar,trainbr,10,5,80769.08601899806,53072.847227871716,234760.1736976605
nar,trainbr,15,1,116344.18305471215,115112.32845983905,123273.3651508733
nar,trainbr,15,10,56875.41660156844,2.342088924168659e-10,376799.63498539006
nar,trainbr,15,15,63557.616980556224,8.898828225307234e-08,421069.2124956843
nar,trainbr,15,20,114244.36459973465,108524.16622763652,146420.48044278607
nar,trainbr,15,25,56365.60868000088,1.7997498019611603e-06,373422.1574948822
nar,trainbr,15,30,113070.73298558596,111205.00204074297,123565.46955032725
nar,trainbr,15,35,55078.93131983215,16186.305867870613,273849.9494871157
nar,trainbr,15,40,113306.69690122805,114389.34862876745,107216.78093381911
nar,trainbr,15,5,44119.60627043054,13508.784787384266,216305.47711256595
nar,trainbr,1,1,455007.1368250393,441954.06895591295,528807.1743927929
nar,trainbr,1,10,426658.2386786781,390242.5266084836,632547.072306315
nar,trainbr,1,15,453379.8877341597,407148.34756868024,714765.9032851378
nar,trainbr,1,20,364178.2621541826,315262.4588994888,640740.6882480285
nar,trainbr,1,25,349458.8774034879,342973.074955517,386128.6066285546
nar,trainbr,1,30,337858.46385155583,332898.30735126697,365902.4256031887
nar,trainbr,1,35,542909.2178851261,244923.34774889282,2227675.483655369
nar,trainbr,1,40,503140.6596050775,260470.86365133297,1875158.352112786
nar,trainbr,1,5,457115.0319641133,391103.8415017196,830332.1472707231
nar,trainbr,20,1,96026.32130764367,90595.71667810193,126957.15637155547
nar,trainbr,20,10,60519.02583073376,5.661573273085281e-11,405214.346866652
nar,trainbr,20,15,39872.801222237045,1.2316940323368315e-24,266974.4081836741
nar,trainbr,20,20,43800.178710485496,7.141489350443869e-11,293270.76180064195
nar,trainbr,20,25,90354.78732150038,94124.85970731088,68881.76634144933
nar,trainbr,20,30,92785.95410177633,87635.24628326032,122122.59428549734
nar,trainbr,20,35,92926.7143039271,90943.62799656294,104221.68414152304
nar,trainbr,20,40,24292.384507634808,2.987526162309002e-11,162653.35713807648
nar,trainbr,20,5,26129.97487232201,3099.668677531728,157302.58841656242
nar,trainbr,25,1,78686.32970276318,67909.49531840753,140898.05546699802
nar,trainbr,25,10,74470.48640175813,76798.94612384982,61028.92346059247
nar,trainbr,25,15,75491.66860496452,70525.09850077247,104162.32329734592
nar,trainbr,25,20,74408.4661245212,65313.632796669444,126910.45851711973
nar,trainbr,25,25,74658.54224163468,69815.8911823031,102613.84608413973
nar,trainbr,25,30,75725.80697810798,72768.82562569181,92795.65387614649
nar,trainbr,25,35,77130.2335616991,71986.14966929721,106825.62694056428
nar,trainbr,25,40,77765.11931938745,70434.2166358628,120084.42117427965
nar,trainbr,25,5,73361.15792695005,71353.60741229393,84950.19953428287
nar,trainbr,30,1,77081.20153845692,64599.64562399125,146297.1025186757
nar,trainbr,30,10,74331.80640241984,60921.55110683298,148697.76758703787
nar,trainbr,30,15,71907.73009495843,60862.135943449335,133160.57038969063
nar,trainbr,30,20,72822.5344241625,66081.42702323679,110205.03910202325
nar,trainbr,30,25,72752.77834228872,61723.090664741634,133917.41000868598
nar,trainbr,30,30,74503.28529359736,57178.875428630156,170575.01272659702
nar,trainbr,30,35,72550.11202320836,67400.9152927144,101104.74843776572
nar,trainbr,30,40,73458.38942002255,70204.52028317972,91502.57281524193
nar,trainbr,30,5,71808.46116057635,64666.518229389694,111413.78105170232
nar,trainbr,35,1,71364.74836376822,63834.52464660577,113677.43401258596
nar,trainbr,35,10,68419.76250813415,58107.497609921134,126364.8700314266
nar,trainbr,35,15,66571.28210875737,58975.037039450624,109254.94487914712
nar,trainbr,35,20,67173.68886667697,59107.152746551554,112499.93944642958
nar,trainbr,35,25,68731.05734915768,60269.65965045011,116276.0539418952
nar,trainbr,35,30,72549.07886514763,56318.4631874063,163749.68124483695
nar,trainbr,35,35,70514.55680724484,57311.46393999278,144703.36434704234
nar,trainbr,35,40,71291.17007167073,49368.711043453965,194474.5112778413
nar,trainbr,35,5,38167.501148232004,8.599869416679827e-13,252632.5076002023
nar,trainbr,40,1,64254.59970453588,53971.7905574898,122866.6118426982
nar,trainbr,40,10,60166.285783699124,59263.407278986175,65312.69326056308
nar,trainbr,40,15,61343.82182215638,50945.56267125951,120613.89898226845
nar,trainbr,40,20,61984.659422409495,54113.158661528476,106852.21375943124
nar,trainbr,40,25,60744.43980228107,58329.43924799883,74509.94296168981
nar,trainbr,40,30,62045.786085229374,44691.36901550606,160965.963382652
nar,trainbr,40,35,64362.120394694815,52265.079067112616,133315.25596191303
nar,trainbr,40,40,61138.59038282075,51880.40356665258,113910.25523497931
nar,trainbr,40,5,55507.39868321201,41762.810955073895,133851.54873359937
nar,trainbr,5,1,444199.1793075492,440921.13956447283,463080.68822766974
nar,trainbr,5,10,179629.9356210693,144278.1426616103,383256.263067553
nar,trainbr,5,15,442161.6193394841,400213.0426587177,683785.4210206982
nar,trainbr,5,20,440923.8503951597,448748.7277712185,395852.5567090604
nar,trainbr,5,25,196858.06350226566,65485.996526502386,953561.169282662
nar,trainbr,5,30,197259.4735238217,106509.14629392928,719981.3583680022
nar,trainbr,5,35,163984.11980697527,68736.7789363918,712608.8032215366
nar,trainbr,5,40,241973.56568246128,145512.15274724894,797591.3041892856
nar,trainbr,5,5,264675.5409967902,209992.11340654746,579652.0839165875
nar,trainlm,10,1,347399.29107589147,338864.7690766991,393847.9189169751
nar,trainlm,10,10,146797.30059331734,107912.43320465415,343531.9810130777
nar,trainlm,10,15,69357.84276142981,51214.342755469006,165210.8843041519
nar,trainlm,10,20,176328.91263856782,128789.05990675074,461796.8162263951
nar,trainlm,10,25,139424.89564549312,77160.06046320619,448918.92895065655
nar,trainlm,10,30,88074.31219678775,324.488308956889,444144.5351109831
nar,trainlm,10,35,338213.5823880574,265985.3793990221,783985.4841380164
nar,trainlm,10,40,114778.99393264734,919.528292550086,561844.1505586228
nar,trainlm,10,5,113577.35203883605,97888.44226407989,119997.57717310445
nar,trainlm,15,1,135154.45040374188,126142.91104475658,179727.90735348806
nar,trainlm,15,10,72025.03978807273,22047.88272968089,347536.4852840525
nar,trainlm,15,15,69581.05237153452,17219.73946963458,241230.59464156305
nar,trainlm,15,20,458333.651609074,456155.63730935706,586679.5151892005
nar,trainlm,15,25,75189.71668127057,35100.74006521814,150038.32670895645
nar,trainlm,15,30,109361.73945225557,31588.129518274058,265311.4022348104
nar,trainlm,15,35,219843.0475933944,201119.05376595526,333591.3906801269
nar,trainlm,15,40,374695.3252200313,324875.0076458937,564444.7593377925
nar,trainlm,15,5,67906.98502150999,41990.54257839083,200806.6862434332
nar,trainlm,1,1,590506.8860692914,607943.2908174627,394997.07538950094
nar,trainlm,1,10,430141.40921992244,404972.1774253465,550622.0745752064
nar,trainlm,1,15,426736.40939659055,400275.40014493547,557749.3962773861
nar,trainlm,1,20,471826.2117942688,453495.2450989091,464345.2598089234
nar,trainlm,1,25,378568.75010957755,348097.14499594725,497836.9298643622
nar,trainlm,1,30,1015877.9096948672,350364.6131988385,4727433.603377651
nar,trainlm,1,35,547423.1757303495,586927.4468655895,417200.67978175095
nar,trainlm,1,40,460875.41889956,300269.91441526107,836998.1679148182
nar,trainlm,1,5,453710.37609041255,450307.1027353487,562444.5700562672
nar,trainlm,20,1,93829.81711303876,92614.7984654874,105404.94824902988
nar,trainlm,20,10,81038.28408356865,36514.65581195522,276904.29855544213
nar,trainlm,20,15,24117.992909307584,0.00722870299559612,123795.75836882938
nar,trainlm,20,20,53592.150730828005,5681.358622266342,288284.3800421101
nar,trainlm,20,25,77854.44851967997,6396.093771915735,449934.34408657096
nar,trainlm,20,30,42288.9937815534,6.897183187417046e-07,257605.73579873372
nar,trainlm,20,35,299525.8762023152,270458.386015378,487793.4851657513
nar,trainlm,20,40,147866.74385507265,0.0055458563760686546,692304.1812106381
nar,trainlm,20,5,111990.55639592637,96634.60257493057,201528.07238117137
nar,trainlm,25,1,75261.8339664399,73619.243709164,78511.68629984233
nar,trainlm,25,10,516663.3350534556,522183.8096714167,545436.2567807215
nar,trainlm,25,15,126462.90597832756,105904.3593373316,207169.2804743864
nar,trainlm,25,20,814536.4195075134,832232.8384698022,909375.8938639049
nar,trainlm,25,25,122222.75053694235,77366.22570939301,373215.1103960287
nar,trainlm,25,30,66411.37240314166,12312.26341531952,324820.5627799649
nar,trainlm,25,35,52603.386572986914,8589.554225485665,256032.9072709973
nar,trainlm,25,40,52749.81456819657,1.0560744591879822e-05,264927.48332350474
nar,trainlm,25,5,365935.06079147494,318164.0567286912,685149.253838136
nar,trainlm,30,1,77272.36801312944,62157.256815322646,124999.63309301695
nar,trainlm,30,10,346057.98727598303,340995.8156294668,421424.2327625167
nar,trainlm,30,15,50250.205480935634,7728.835843880963,194641.3196424288
nar,trainlm,30,20,34212.23935476162,0.014514486199203234,213748.08194625663
nar,trainlm,30,25,68401.9240317683,273.52042487513256,342216.3904243417
nar,trainlm,30,30,79946.12267675203,0.009090527284215678,466375.7755014802
nar,trainlm,30,35,41187.86804786607,4.8396350608788785e-21,199780.32949743173
nar,trainlm,30,40,41911.73729859025,2.260784521259107e-08,185545.94845653736
nar,trainlm,30,5,190150.64671383786,163891.25329574035,331267.61583927623
nar,trainlm,35,1,73867.58350020902,64717.77361240275,121125.99343392965
nar,trainlm,35,10,104278.71675020746,75395.73867656046,262734.9779761952
nar,trainlm,35,15,360750.2719813501,282677.8635143877,702238.266552315
nar,trainlm,35,20,41817.237378412414,2660.212225796477,219829.19501687255
nar,trainlm,35,25,47486.19010689714,0.008841229595478006,226475.87163530296
nar,trainlm,35,30,57946.847544390665,4558.652547078691,302487.94677130104
nar,trainlm,35,35,28471.665611763663,3463.014227795122,126260.99223475106
nar,trainlm,35,40,49797.29266655422,1.0402688717903363e-07,305532.7286456146
nar,trainlm,35,5,231262.37555750855,209084.79209221192,380201.72163984494
nar,trainlm,40,1,66334.04151693813,48043.427383720824,146827.47367409238
nar,trainlm,40,10,66557.64601563565,2434.919325781222,392287.2633423613
nar,trainlm,40,15,89667.2431081217,75041.02875433942,176443.14747960726
nar,trainlm,40,20,254348.98540832114,215011.0371208831,417955.20499506843
nar,trainlm,40,25,232075.4111040145,198270.22759959922,364037.0735709558
nar,trainlm,40,30,56140.745151923045,22.805374543195054,316668.76167832647
nar,trainlm,40,35,67459.52052036152,5.560812487852726,330206.4321378489
nar,trainlm,40,40,103458.75458148119,3363.796340229467,509249.4854410215
nar,trainlm,40,5,58030.987898960906,31640.16031933174,152007.03211279743
nar,trainlm,5,1,452302.29378897924,470159.1142229185,480512.1927235847
nar,trainlm,5,10,331414.25326363556,282643.5780321981,554603.8454566046
nar,trainlm,5,15,296662.3534377052,255169.42731642647,563165.6737942658
nar,trainlm,5,20,144806.78199264625,102707.49755602553,352479.6935234813
nar,trainlm,5,25,186792.77361310288,163589.1525576951,329298.56807728624
nar,trainlm,5,30,153962.58751698778,68727.88456099277,638718.30181228
nar,trainlm,5,35,161937.04579145802,83125.79324234316,521206.8608162482
nar,trainlm,5,40,269646.5460107076,205115.7783337652,340925.4339229621
nar,trainlm,5,5,559660.9663952211,526032.2643256384,689128.0681980706
nar,trainscg,10,1,355093.1354024808,331784.3573500292,442519.84664258396
nar,trainscg,10,10,239783.35501134448,239442.1868181073,257014.7310877701
nar,trainscg,10,15,366129.278529266,351607.8690637288,490039.26911790256
nar,trainscg,10,20,176312.80809136247,140504.3174039409,347824.96753963287
nar,trainscg,10,25,424282.5741737542,397555.1187324743,532404.411341167
nar,trainscg,10,30,492141.5916946207,504091.6746183253,559623.2086587535
nar,trainscg,10,35,171263.79537868,156154.6978704615,249515.24503899852
nar,trainscg,10,40,344784.0771556326,271177.0224934486,726908.0542913817
nar,trainscg,10,5,487490.3889052042,469716.3890831246,656331.000112331
nar,trainscg,15,1,149112.35689797884,149627.5685857371,180319.09131266054
nar,trainscg,15,10,436509.9822876934,470053.9970364622,299143.77973588003
nar,trainscg,15,15,98733.57507049931,90658.45159584342,155366.29660794948
nar,trainscg,15,20,232977.91438374232,254866.63380544807,156526.9671155285
nar,trainscg,15,25,163180.37315004366,148521.61608138468,275853.8856669433
nar,trainscg,15,30,182772.55409501007,182951.0087081148,200677.35680176725
nar,trainscg,15,35,139208.92101525614,113390.31841188108,309101.3839958376
nar,trainscg,15,40,342498.5654457643,293205.50576512626,579776.2768662615
nar,trainscg,15,5,210810.26235328265,224513.75109522176,193243.37050351145
nar,trainscg,1,1,466355.83109507523,481138.1088603229,370487.45754010545
nar,trainscg,1,10,612382.1094061714,590416.3350923503,615066.8847148602
nar,trainscg,1,15,430354.73921255575,421587.90751775546,561253.351147514
nar,trainscg,1,20,865313.5872977624,882691.7171840515,952910.1392903692
nar,trainscg,1,25,619772.0794861838,642774.5281066301,503110.10237896
nar,trainscg,1,30,500251.83418253186,409776.55555915897,1036318.1767938586
nar,trainscg,1,35,1062538.3360712829,1032536.1345544036,1157828.5711527765
nar,trainscg,1,40,553505.9690969355,542691.9147012953,674032.165151232
nar,trainscg,1,5,623095.8829874485,636452.1326711832,667839.6893269122
nar,trainscg,20,1,125084.21892147134,113970.84402085171,211280.7921714261
nar,trainscg,20,10,105115.1154263212,111061.90795657784,93387.06423082351
nar,trainscg,20,15,98924.44237258304,77491.68920531936,225116.50777857754
nar,trainscg,20,20,184027.8558572881,171112.81800965106,262038.79517169786
nar,trainscg,20,25,139951.22733660322,121165.42792370678,236371.9196574795
nar,trainscg,20,30,984159.494840882,975362.5768602038,1315926.9779018709
nar,trainscg,20,35,170309.18005027866,116630.68164044355,406777.4741991977
nar,trainscg,20,40,80922.757685813,58816.694070783175,192599.77255661192
nar,trainscg,20,5,163326.7197663762,146104.81221902178,252424.67110908424
nar,trainscg,25,1,133063.05270847437,125429.3009398564,206944.8096052763
nar,trainscg,25,10,164791.43145349005,171090.25015913846,178275.0686642936
nar,trainscg,25,15,180080.49191818555,183817.9341567589,194428.7954689327
nar,trainscg,25,20,298060.1593086137,264352.94299996994,512609.7003287514
nar,trainscg,25,25,105255.82144737434,82905.97722998906,195998.27689652087
nar,trainscg,25,30,92483.24431128477,61165.5467748359,203508.00564135145
nar,trainscg,25,35,77557.94499092027,60787.226538882285,158104.99165470738
nar,trainscg,25,40,362409.64664244174,244356.41471184464,1049939.4681872188
nar,trainscg,25,5,1001158.4826870223,1083087.4969512804,753090.4930934503
nar,trainscg,30,1,98628.41145995508,90508.45327017047,148313.28732879704
nar,trainscg,30,10,203230.61338986,202839.94320559734,214191.46218304
nar,trainscg,30,15,85941.20988731447,84428.25588010084,61298.05628121709
nar,trainscg,30,20,632660.9731740586,647364.1837429431,638773.230717566
nar,trainscg,30,25,102952.22762686957,73618.21338460527,245834.7157133482
nar,trainscg,30,30,181781.48503438453,175375.39401435052,255947.934833454
nar,trainscg,30,35,125353.97637071036,107890.04330639594,222806.9490962952
nar,trainscg,30,40,265334.70114730013,216355.01599965905,590602.3958233204
nar,trainscg,30,5,76978.35888035594,62214.05226789247,139489.80234402505
nar,trainscg,35,1,227891.4267697525,232886.4616188145,259360.1652661041
nar,trainscg,35,10,70583.96332881812,62910.89173796832,84296.54257890138
nar,trainscg,35,15,52035.03251268172,51368.17270379338,53073.012378899366
nar,trainscg,35,20,391374.96933518787,361763.0045325698,564426.0731145845
nar,trainscg,35,25,94239.98618830963,57987.20567333949,273817.01532611385
nar,trainscg,35,30,257311.9936453197,229926.2764401939,345559.05521484767
nar,trainscg,35,35,252773.1174817929,211031.71112502055,498691.54247814364
nar,trainscg,35,40,319606.01103745983,265557.6628837569,627586.5697403181
nar,trainscg,35,5,107429.70630953644,86611.79495953592,205580.23013582785
nar,trainscg,40,1,243053.92595846066,252639.2407551281,184243.04395037945
nar,trainscg,40,10,76634.94050683704,56655.27826915005,162062.22972976085
nar,trainscg,40,15,81610.6075751171,61257.57196856787,208623.32728702395
nar,trainscg,40,20,69011.60205987582,42080.1471031114,224472.19868654976
nar,trainscg,40,25,156226.61571081035,151103.80066684366,200303.2649388668
nar,trainscg,40,30,153469.79832966678,126680.75076766935,272367.9166409556
nar,trainscg,40,35,197769.7825395568,114502.10073907088,690091.6558153721
nar,trainscg,40,40,61349.002378462326,29096.78433768087,209827.20674704926
nar,trainscg,40,5,100746.78637913117,94776.3001282163,74689.37121326722
nar,trainscg,5,1,614811.5323964058,620074.3215379876,543055.3327435625
nar,trainscg,5,10,434112.0106165365,383809.380102912,690105.7218978219
nar,trainscg,5,15,1147480.9136575384,1213898.9780933058,751680.0706010037
nar,trainscg,5,20,473683.5897687121,384114.5110650019,1000084.8115140157
nar,trainscg,5,25,322481.2425139413,289099.76074685843,404786.0464370039
nar,trainscg,5,30,407317.9222911869,363486.5661610701,698318.9882287382
nar,trainscg,5,35,453457.8785845493,496267.3012018968,298406.2403379463
nar,trainscg,5,40,467355.83913251385,418911.41689210007,721383.5297217787
nar,trainscg,5,5,762117.6060620737,819013.0420757381,587629.4886044214
narx,trainbr,10,1,135713.5675791604,124552.345069116,197769.96473500718
narx,trainbr,10,10,66009.49838626992,1984.663838661842,421987.5784709706
narx,trainbr,10,15,41568.76748727816,14839.064178655652,190185.91788321926
narx,trainbr,10,20,41689.484275329065,559.2411380472704,270373.6361186159
narx,trainbr,10,25,78347.62439240613,5.684285685502481e-06,513960.4159825797
narx,trainbr,10,30,46999.32957598969,7398.522553957957,267179.81661848625
narx,trainbr,10,35,43819.38691278658,19209.120905571195,180652.46591290415
narx,trainbr,10,40,77146.94789426052,74017.50080956357,94546.67368517537
narx,trainbr,10,5,33006.430144445425,23298.5468749336,86982.26112293126
narx,trainbr,15,1,86649.58481725052,89278.35712003162,71862.74061410686
narx,trainbr,15,10,38287.29650298315,1.618363550300507e-24,253653.33933226328
narx,trainbr,15,15,48558.55653892828,5330.331315708582,291717.32341953897
narx,trainbr,15,20,39648.85944716404,1.0962030595284626e-09,262673.6938374554
narx,trainbr,15,25,14375.242517967868,3.4032826918724e-11,95235.98168153696
narx,trainbr,15,30,86909.54428824298,82299.29820187633,112842.17852405511
narx,trainbr,15,35,85905.67052684804,89442.24561596896,66012.4356505427
narx,trainbr,15,40,92319.44249461908,80825.63168912673,156972.12827551362
narx,trainbr,15,5,28842.27674062892,12522.347535734074,120641.87851816234
narx,trainbr,1,1,422115.5873118192,409505.3442447935,493411.9615753901
narx,trainbr,1,10,350911.1466548628,311337.9475961507,574651.9259483509
narx,trainbr,1,15,353560.5576404177,346872.7883416541,391372.17636804417
narx,trainbr,1,20,290502.539153552,260973.39067430844,457455.801709275
narx,trainbr,1,25,286334.4102460986,302604.0351513983,194348.45405075012
narx,trainbr,1,30,287215.7620893605,297298.28596290963,230210.7232658329
narx,trainbr,1,35,296092.03100773256,266438.1305983349,463750.62178394257
narx,trainbr,1,40,202525.29430299028,108653.2736889443,733263.2570054813
narx,trainbr,1,5,421184.4813551957,415621.5287316567,452636.5596498186
narx,trainbr,20,1,71299.88503184804,72060.76444882556,66966.18052645425
narx,trainbr,20,10,14515.801558588726,4.2988912480518285e-12,97192.75826185496
narx,trainbr,20,15,37923.17141511292,6513.957651935793,216819.12806625228
narx,trainbr,20,20,57993.89907423657,54602.99447457402,77307.31222883632
narx,trainbr,20,25,30971.53261189366,1.5300473448798131e-24,207374.60966224453
narx,trainbr,20,30,58636.45480204013,40977.65249226826,159214.85056639294
narx,trainbr,20,35,28657.291170243243,3295.4437962192187,173109.552300554
narx,trainbr,20,40,60840.474556417474,58647.73665059508,73329.5469765366
narx,trainbr,20,5,35942.79859401577,17102.777282562183,143249.00693316467
narx,trainbr,25,1,63021.177024942976,56812.785612989246,98860.52744849428
narx,trainbr,25,10,19049.400802522,3.956509774730963e-10,129016.39634435125
narx,trainbr,25,15,62886.863137957385,56617.32988714909,99079.1687221689
narx,trainbr,25,20,62168.47459571063,57203.9658431884,90827.22966708896
narx,trainbr,25,25,60249.554610457424,60917.679295067785,56392.65302202485
narx,trainbr,25,30,50074.786576946026,41149.9860347878,101595.22607031412
narx,trainbr,25,35,61289.944137905055,60042.183449529824,68492.92629352558
narx,trainbr,25,40,41558.04791379602,36500.72164435372,70752.6131964858
narx,trainbr,25,5,26190.97423981342,2.410944121853539,177370.4078103966
narx,trainbr,30,1,63043.316451076746,53194.063320910616,117661.90199108893
narx,trainbr,30,10,22313.261714711338,4.8171309069700926e-11,146050.44031447408
narx,trainbr,30,15,30604.092340377643,1.1488527168866922e-11,200317.6953188355
narx,trainbr,30,20,61471.582462830804,54018.55692643408,102801.99680103068
narx,trainbr,30,25,42857.243295795495,35781.35183555521,82096.2777571282
narx,trainbr,30,30,52019.29189623982,39834.762370302116,119588.04654007625
narx,trainbr,30,35,59795.94064679673,57440.313208118525,72858.96553401227
narx,trainbr,30,40,61906.95729723714,55068.3007595342,99830.41627904438
narx,trainbr,30,5,42909.23139737477,8.123489929631936e-25,280860.4236919076
narx,trainbr,35,1,61481.43273614813,50713.019281212684,121989.66072102365
narx,trainbr,35,10,17919.059403493222,1.0940043657681367e-07,118607.10747964995
narx,trainbr,35,15,58871.5214813065,59711.68549066544,54150.59990490868
narx,trainbr,35,20,65321.87305952082,48905.401546890535,157566.80822572912
narx,trainbr,35,25,22264.27007825736,1.08750905402526e-07,147368.26385071143
narx,trainbr,35,30,58983.43628703631,52274.62834454033,96680.54758296603
narx,trainbr,35,35,57972.143924580174,52297.779696565,89856.66672961779
narx,trainbr,35,40,58456.46064608548,55721.785521122976,73822.73039587459
narx,trainbr,35,5,50570.57822084856,1.27371794322784e-23,334729.065366569
narx,trainbr,40,1,55778.05688500026,40975.19247632961,140154.38401442286
narx,trainbr,40,10,17335.08454817881,1.9288079947312688e-10,116145.06647279696
narx,trainbr,40,15,16864.166317944284,3.509210536787249e-07,112989.91432822644
narx,trainbr,40,20,32283.40808398343,11730.956520055888,149432.38199837034
narx,trainbr,40,25,56259.99836066962,43160.72095372114,130925.87958027625
narx,trainbr,40,30,49113.73193796655,33920.78410189018,135713.53460360167
narx,trainbr,40,35,53904.08599512232,47129.65084193682,92518.36636827963
narx,trainbr,40,40,51356.50813114036,36272.591557057814,137334.83260341085
narx,trainbr,40,5,18498.91309700404,2.850817653017989e-11,123942.71774992699
narx,trainbr,5,1,225823.88805165273,225441.3408999245,228027.3596456071
narx,trainbr,5,10,49604.40648461066,20388.74169373696,217886.63568004328
narx,trainbr,5,15,45896.49912948488,15446.038785226723,221291.150712412
narx,trainbr,5,20,39912.43540021212,12281.850498639167,199064.60443327235
narx,trainbr,5,25,39674.00082596385,4718.355554667459,241018.51758863105
narx,trainbr,5,30,38212.14236603206,14242.632648409575,176276.5183395375
narx,trainbr,5,35,53435.00842422785,17717.334178641908,259168.8120788027
narx,trainbr,5,40,39118.14857479009,6239.937255567679,228496.64577351089
narx,trainbr,5,5,67176.97480677631,41792.4501474034,213391.83684476427
narx,trainlm,10,1,133852.64340248078,130788.37832168887,105484.39451901428
narx,trainlm,10,10,174169.92089849355,132468.65437196448,367937.32325173187
narx,trainlm,10,15,93398.72649905576,17098.753788150145,451489.0723992321
narx,trainlm,10,20,690174.665481483,695800.5657359855,740107.8890315393
narx,trainlm,10,25,100135.71720822359,55541.43968667487,296927.6193967328
narx,trainlm,10,30,56307.321211563074,4698.028287061556,250027.7522079825
narx,trainlm,10,35,120668.99024207011,70271.0364765119,344133.5990657532
narx,trainlm,10,40,253610.07904046442,6775.366599125396,1568255.4386706841
narx,trainlm,10,5,141270.85139732074,75029.720284227,520994.7426662716
narx,trainlm,15,1,85765.63443926707,81420.06524033156,124589.24057434453
narx,trainlm,15,10,91638.30872366096,52484.28771269173,216444.05124093406
narx,trainlm,15,15,80908.09953916278,54063.02644660168,192061.95732780558
narx,trainlm,15,20,149980.42099682766,128115.96132416188,272016.75502880645
narx,trainlm,15,25,92148.69450115734,2.2690476054973307e-24,537280.095221929
narx,trainlm,15,30,183498.08612476426,163758.7837223486,261481.4832417341
narx,trainlm,15,35,38980.60917338549,8653.898157357522,170183.46091790983
narx,trainlm,15,40,75907.20881407255,12850.06185902241,329492.5994237413
narx,trainlm,15,5,186503.17708905172,176993.2123494528,151681.46418089748
narx,trainlm,1,1,425346.6509702579,401993.72895606456,485526.7864632242
narx,trainlm,1,10,284717.7975615741,263325.68489930296,335274.0129194918
narx,trainlm,1,15,503465.1507980666,570307.3870380016,304815.75569365657
narx,trainlm,1,20,595382.5932292162,605601.9354307107,580478.8565747153
narx,trainlm,1,25,279070.1103185849,197799.90168329809,674065.8621524157
narx,trainlm,1,30,229754.69028794608,179290.3981396815,504929.75148747757
narx,trainlm,1,35,130646.8689171592,105248.61890222062,268157.4972778504
narx,trainlm,1,40,424062.226133065,295506.9310504527,859519.3632776737
narx,trainlm,1,5,343820.34127216315,345212.6181391597,358059.90475682204
narx,trainlm,20,1,496312.3438712217,473178.0391432126,694223.1941123039
narx,trainlm,20,10,79492.58499538027,30201.96039305008,323232.37595693674
narx,trainlm,20,15,131156.30107509144,98634.40078364377,292832.9833080062
narx,trainlm,20,20,56203.75528600504,67.73770629814409,173026.05503547698
narx,trainlm,20,25,41769.950779011335,1426.9125324234296,229529.4910194848
narx,trainlm,20,30,60186.573970852776,0.0003377717965540469,366358.24902506545
narx,trainlm,20,35,49239.55591462616,0.10669375130000376,199826.4727813964
narx,trainlm,20,40,63827.65962021615,2827.626516950775,242853.60659073628
narx,trainlm,20,5,58324.82440615082,21146.781146763868,258710.4650983559
narx,trainlm,25,1,196009.05013492604,206221.13548212696,162679.6234283802
narx,trainlm,25,10,160417.29809308492,125111.61434415149,378841.3447405225
narx,trainlm,25,15,56638.15550459129,0.0005210204851412453,262674.35127029114
narx,trainlm,25,20,24159.685177428222,520.5096711129788,143017.54708544508
narx,trainlm,25,25,42663.98575404942,36.24455019443046,235692.3789542704
narx,trainlm,25,30,28491.815505101542,0.2310563719834255,148202.6233504189
narx,trainlm,25,35,47284.277721523744,0.008587973421864003,259480.8427373942
narx,trainlm,25,40,61632.730729188974,0.019661110651037855,403928.92565711046
narx,trainlm,25,5,92622.70562184668,85418.4504360522,133143.0888746233
narx,trainlm,30,1,370821.33959388756,334834.75644577463,449255.2415033853
narx,trainlm,30,10,65247.5529536004,6397.646425531108,364531.7468913412
narx,trainlm,30,15,47717.473895232804,24712.063953225497,157123.66839303574
narx,trainlm,30,20,36492.02195250346,13560.089353312687,109210.5391898062
narx,trainlm,30,25,41495.640539490916,0.8824278679146553,240373.5307546225
narx,trainlm,30,30,73044.92944733198,15473.357779331298,317728.6885764516
narx,trainlm,30,35,34342.07565287227,2.3925300108734847e-24,143298.88576616507
narx,trainlm,30,40,491875.46989198937,455619.649043727,764612.7011191795
narx,trainlm,30,5,292904.52166155534,269283.67370668106,431245.80387494026
narx,trainlm,35,1,183594.5904643175,154136.6313069537,322233.8199943892
narx,trainlm,35,10,80344.04139053146,52645.38916122734,230673.8073213097
narx,trainlm,35,15,280702.7063204556,307266.25672704173,186170.65052192466
narx,trainlm,35,20,71404.04933441151,17753.25433900005,344983.0966951427
narx,trainlm,35,25,124780.5311716568,59099.15924889005,357977.2822989032
narx,trainlm,35,30,218301.07010119566,171146.90454916892,504602.5940239314
narx,trainlm,35,35,51224.92153445467,6.25973576178174,313925.191338469
narx,trainlm,35,40,31147.09618571573,4067.815662665197,135757.16170381734
narx,trainlm,35,5,286348.64828737173,307126.49496658443,221156.78027821786
narx,trainlm,40,1,228405.89215209128,187872.86840922805,465201.1054701555
narx,trainlm,40,10,81949.7448039698,33048.98146242,362328.75999724923
narx,trainlm,40,15,68172.79717571488,37159.76316602456,185108.37233731663
narx,trainlm,40,20,155027.25095783212,128610.03719363266,327203.8260912457
narx,trainlm,40,25,253440.6559025264,202557.0093674018,542979.5045333061
narx,trainlm,40,30,38665.92856673887,4.1238331620517295e-05,206618.6721660265
narx,trainlm,40,35,51493.394781167,2.9627857334244327e-15,321220.9058758481
narx,trainlm,40,40,47385.53040143831,3249.8202179819814,217600.5249569227
narx,trainlm,40,5,395913.5177821687,401762.94809216616,424135.00546415563
narx,trainlm,5,1,230947.16599616656,237636.62598717536,223870.62349067922
narx,trainlm,5,10,124167.95062238455,106809.78211210939,222227.0691378573
narx,trainlm,5,15,65738.17682866183,17221.29700573415,333101.91272032826
narx,trainlm,5,20,170195.44079942696,163149.09056712213,181829.75876775855
narx,trainlm,5,25,139208.74396859578,122159.54897002125,241524.2252367652
narx,trainlm,5,30,73831.27849703508,25616.395700981957,257080.08364847183
narx,trainlm,5,35,62129.70089010702,35099.82835689576,208278.55072711266
narx,trainlm,5,40,167142.62977809482,119496.21910282824,461499.1621444314
narx,trainlm,5,5,179044.22326004136,168834.12637078142,178345.04463654995
narx,trainscg,10,1,146457.60703255332,144671.76792546228,152710.75386328762
narx,trainscg,10,10,265993.94490094425,256626.10655731516,366394.26187137037
narx,trainscg,10,15,189064.0117433408,181283.5381867796,247778.0708014877
narx,trainscg,10,20,408142.87841589906,430467.432442106,379401.27723322227
narx,trainscg,10,25,76917.80504302807,59277.178114715156,166712.22756676812
narx,trainscg,10,30,114964.94380233227,92544.93263846614,220321.2777593693
narx,trainscg,10,35,275007.43986171426,226528.5908052005,559706.8816497667
narx,trainscg,10,40,111839.69899021092,104611.05955480142,163805.72528979808
narx,trainscg,10,5,124492.73911069374,112836.56205240582,208099.9782659412
narx,trainscg,15,1,168453.43862366505,171656.88327373352,184325.92649779687
narx,trainscg,15,10,175138.22207162908,145009.15600890506,362813.79893643263
narx,trainscg,15,15,81833.88863138431,53513.51552735399,250648.74092986327
narx,trainscg,15,20,67896.83462913091,59639.18903591787,92636.11718627537
narx,trainscg,15,25,130840.13189234956,121549.6973676119,151488.10527369147
narx,trainscg,15,30,69337.3763452687,51907.06627441944,156330.24179491153
narx,trainscg,15,35,116332.57584115588,109391.25847866226,176435.8369738486
narx,trainscg,15,40,108380.25128050773,92814.25169193986,149263.62868888653
narx,trainscg,15,5,128270.98825059511,111594.24257207423,234881.1986453844
narx,trainscg,1,1,452450.83413880673,450472.506503805,404515.1295817461
narx,trainscg,1,10,387849.1489767878,414992.41155106033,303125.619244082
narx,trainscg,1,15,524299.2263478853,525045.7184637847,674778.2939311137
narx,trainscg,1,20,488989.6591026154,541862.958800634,276318.4992960203
narx,trainscg,1,25,347948.2782700422,305382.6266828541,507728.446735082
narx,trainscg,1,30,397275.65175787435,409219.59454429476,433340.9783696768
narx,trainscg,1,35,516905.14442517975,499611.8150800086,720619.6790288562
narx,trainscg,1,40,555641.641591958,488007.6370676291,921848.5037332659
narx,trainscg,1,5,426637.94367857923,405269.05064415,313277.5005606323
narx,trainscg,20,1,99488.22582126793,100781.23363481944,89724.76307443275
narx,trainscg,20,10,66752.44793718896,49951.80544187599,151293.25029727508
narx,trainscg,20,15,227817.30225955817,231503.29742462464,263774.87302789267
narx,trainscg,20,20,140587.78913956927,112333.32173971707,223424.58122039962
narx,trainscg,20,25,83031.9787449546,77003.68427065194,135585.29182479382
narx,trainscg,20,30,224157.09346556387,228825.3629605701,153069.68091005346
narx,trainscg,20,35,72535.44943624383,40987.15085855994,191668.4786621536
narx,trainscg,20,40,233377.3961387268,202569.15483988266,350268.61620243173
narx,trainscg,20,5,188259.92874230712,190815.56812883253,158697.87136883807
narx,trainscg,25,1,155419.9560369504,150942.365115742,186879.31363015005
narx,trainscg,25,10,170306.7678277123,173059.02050566825,177260.87014384946
narx,trainscg,25,15,105407.82258459725,88825.11966691703,211162.4482668918
narx,trainscg,25,20,80656.79566208745,66722.00918636924,128075.72539887288
narx,trainscg,25,25,125769.13254171314,94477.3861346824,308061.7015236243
narx,trainscg,25,30,884052.9325967828,892006.8937368542,900984.8221708268
narx,trainscg,25,35,194094.10420698734,184749.52308452895,284270.8066265231
narx,trainscg,25,40,110423.1402904064,107827.89951840989,128831.05648782787
narx,trainscg,25,5,61518.04116696573,56328.876595415306,80146.55729536063
narx,trainscg,30,1,95392.61950255813,84228.95686361534,175935.54085675013
narx,trainscg,30,10,138442.36165009785,121472.6382656424,189744.79708234
narx,trainscg,30,15,69957.82598856234,45988.55909982188,189431.33794920487
narx,trainscg,30,20,50284.91945611358,35157.53272176709,78154.1225901633
narx,trainscg,30,25,86380.87372232991,76612.83957793468,137827.35350137437
narx,trainscg,30,30,81738.59190711293,47172.65578280491,263051.2601466568
narx,trainscg,30,35,125980.81060200221,116251.89432695715,173538.51314581913
narx,trainscg,30,40,78848.96884520067,44696.78283775107,226098.5392745896
narx,trainscg,30,5,75419.2868523714,60263.37759420505,158632.09149294614
narx,trainscg,35,1,80276.7189795864,79734.95419188487,98490.14902187652
narx,trainscg,35,10,74349.74375974553,45674.75491430725,234399.47873336426
narx,trainscg,35,15,60710.56829100714,47915.61171073618,133320.60862083134
narx,trainscg,35,20,122336.66522553164,98055.88698805064,273880.73550935945
narx,trainscg,35,25,680309.774030066,644495.5680897171,975626.8283341794
narx,trainscg,35,30,223955.3288601513,241488.3746928389,142313.5495255163
narx,trainscg,35,35,118278.1582309791,107577.31411528288,115585.86568928561
narx,trainscg,35,40,349367.810847825,277888.92085714923,726921.9643963701
narx,trainscg,35,5,121289.09518973836,112420.61862598904,165631.2338130042
narx,trainscg,40,1,116999.98082722115,112286.67493955682,152275.02480831562
narx,trainscg,40,10,77170.48210780605,56966.97903951153,158836.66827143845
narx,trainscg,40,15,65772.7058438483,41772.92619403231,174915.00523071812
narx,trainscg,40,20,156976.91377327355,149850.89953444956,237045.3996467061
narx,trainscg,40,25,204868.74199187665,197251.21592889586,268610.11106117576
narx,trainscg,40,30,87008.87782325571,54272.93385304376,234657.9042876019
narx,trainscg,40,35,207195.08944341182,181574.03927042586,382506.8854742834
narx,trainscg,40,40,233480.14288262828,218911.96410421122,363872.1603439732
narx,trainscg,40,5,54407.90413597023,43966.69398713866,112778.68078198012
narx,trainscg,5,1,462345.8177694162,475122.4051412726,410518.4262043659
narx,trainscg,5,10,781501.9120383812,789006.9818269729,823169.9570169896
narx,trainscg,5,15,264341.28070616233,282349.39248679,201413.0703946116
narx,trainscg,5,20,260494.06799375176,248375.70476247344,369215.805289231
narx,trainscg,5,25,127540.28744741793,113732.6542849982,215558.1451700506
narx,trainscg,5,30,272662.5248492275,274285.3799415641,266987.2407132516
narx,trainscg,5,35,213989.0520592161,195255.63846338168,348999.5662112047
narx,trainscg,5,40,417841.5260645704,422277.3644239729,441098.82268013904
narx,trainscg,5,5,167241.73612058206,164786.76166479956,212552.9464759752
